request_id,admin_id,requester_name,blood_group_needed,urgency,contact_number,request_date,status
1,5,Farah Khattak,B+,High,03214165061,2025-07-13,Fulfilled
2,4,Amna Baig,A-,High,03006338112,2025-04-30,Fulfilled
3,4,Usman Ali,A-,Normal,03331621086,2025-07-17,Cancelled
4,3,Imran Shah,A+,Normal,03332672884,2026-03-22,Fulfilled
5,2,Usman Ali,O-,Normal,03018876745,2025-07-29,Pending
6,5,Hira Qureshi,B-,High,03016512415,2025-12-21,Fulfilled
7,4,Maria Rehman,B-,Normal,03451602286,2025-06-12,Fulfilled
8,3,Bilal Hassan,O-,Critical,03312651601,2025-04-27,Pending
9,1,Faisal Khan,B-,Normal,03131485654,2025-08-16,Cancelled
10,3,Rabia Iqbal,O+,High,03313442255,2025-07-03,Pending
11,5,Faisal Khan,A+,Normal,03033937176,2025-12-16,Fulfilled
12,5,Raheel Afridi,O+,Normal,03333401116,2025-12-16,Fulfilled
13,3,Nadia Hussain,A+,Normal,03008805654,2025-08-24,Cancelled
14,2,Farah Khattak,B+,Normal,03216018975,2025-02-07,Fulfilled
15,3,Aisha Siddiqui,A-,Normal,03117454081,2025-08-22,Cancelled
16,2,Rabia Iqbal,B-,Normal,03465963914,2025-07-15,Pending
17,4,Mohammad Tariq,A-,High,03461822825,2025-05-21,Pending
18,3,Raheel Afridi,O-,Normal,03466910964,2026-02-02,Fulfilled
19,5,Usman Ali,A+,Normal,03011661401,2025-05-09,Pending
20,5,Usman Ali,B+,Normal,03015951131,2025-07-06,Pending
21,2,Usman Ali,B+,Normal,03457138070,2025-04-13,Fulfilled
22,2,Maria Rehman,O-,Normal,03136682698,2025-05-12,Fulfilled
23,1,Raheel Afridi,B-,Critical,03317136687,2025-03-14,Fulfilled
24,3,Imran Shah,O+,Normal,03337183841,2025-10-02,Pending
25,3,Hira Qureshi,A-,Normal,03212817745,2025-10-27,Cancelled
26,1,Sana Malik,A-,High,03464713925,2025-11-14,Fulfilled
27,4,Aisha Siddiqui,A-,Critical,03312957497,2025-12-25,Cancelled
28,3,Imran Shah,A+,Critical,03014939290,2025-09-10,Pending
29,4,Amna Baig,O-,High,03463592464,2025-07-09,Fulfilled
30,4,Amna Baig,AB+,Normal,03131548888,2025-11-12,Pending
31,4,Raheel Afridi,A-,High,03212666893,2025-08-16,Pending
32,3,Hira Qureshi,A-,High,03134184459,2025-02-01,Fulfilled
33,2,Mohammad Tariq,O+,Normal,03006595355,2025-11-25,Pending
34,2,Saad Mirza,A+,High,03464623062,2025-02-05,Fulfilled
35,2,Mohammad Tariq,B-,High,03133427461,2026-02-08,Fulfilled
36,2,Mohammad Tariq,A+,Normal,03031249314,2025-02-26,Fulfilled
37,3,Faisal Khan,B+,High,03131879109,2025-01-09,Fulfilled
38,5,Bilal Hassan,A+,Normal,03338520810,2025-02-28,Fulfilled
39,5,Farah Khattak,B-,High,03454716988,2025-02-25,Fulfilled
40,5,Farah Khattak,O-,Critical,03002020480,2025-06-04,Cancelled
41,1,Farah Khattak,AB+,Normal,03012355439,2025-09-09,Fulfilled
42,1,Nadia Hussain,B+,Normal,03466455706,2025-03-06,Pending
43,3,Amna Baig,AB+,Normal,03012919549,2025-08-21,Fulfilled
44,5,Saad Mirza,B-,Normal,03318575834,2026-01-05,Cancelled
45,4,Amna Baig,A+,Normal,03016243691,2025-07-24,Fulfilled
46,3,Usman Ali,AB+,High,03332126310,2025-07-11,Cancelled
47,4,Rabia Iqbal,O+,Critical,03032006313,2025-02-19,Pending
48,3,Imran Shah,O-,Normal,03316932391,2025-12-10,Fulfilled
49,1,Aisha Siddiqui,B-,Normal,03212738129,2025-05-28,Fulfilled
50,2,Maria Rehman,O-,Normal,03112815603,2025-12-03,Pending
51,1,Nadia Hussain,B+,Normal,03464794319,2026-01-26,Fulfilled
52,5,Mohammad Tariq,B-,Normal,03465487028,2025-11-11,Fulfilled
53,3,Rabia Iqbal,O+,High,03004043480,2025-06-23,Fulfilled
54,4,Usman Ali,B-,High,03002539438,2025-02-05,Fulfilled
55,4,Farah Khattak,A-,Normal,03213640889,2025-08-03,Pending
